{"loss": 2.8623714447021484, "_timestamp": 1700397432.1984744, "_runtime": 41.54350829124451, "_step": 6, "_wandb": {"runtime": 42}}