{"loss": 1.6596487760543823, "_timestamp": 1700397552.780977, "_runtime": 69.63756108283997, "_step": 15}