{"loss": 1.4204044342041016, "_timestamp": 1700397595.557795, "_runtime": 112.41437911987305, "_step": 28}